<?xml version="1.0" encoding="UTF-8"?>
<project-private xmlns="http://www.netbeans.org/ns/project-private/1">
    <editor-bookmarks xmlns="http://www.netbeans.org/ns/editor-bookmarks/2" lastBookmarkId="0"/>
    <open-files xmlns="http://www.netbeans.org/ns/projectui-open-files/2">
        <group>
            <file>file:/F:/ADBO/CacheComparator+Corrector/src/Controller/FXMLDocumentController.java</file>
            <file>file:/F:/ADBO/CacheComparator+Corrector/src/Model/Corrector.java</file>
            <file>file:/F:/ADBO/CacheComparator+Corrector/src/Model/Cache.java</file>
            <file>file:/F:/ADBO/CacheComparator+Corrector/src/cachecomparator/corrector/CacheComparatorCorrector.java</file>
            <file>file:/F:/ADBO/CacheComparator+Corrector/src/Model/Tester.java</file>
            <file>file:/F:/ADBO/CacheComparator+Corrector/src/Model/Comparator.java</file>
        </group>
    </open-files>
</project-private>
